Fold;Dataset;Model;AUC;F-measure;Precision;Recall;MCC;FNR;TNR;FPR;Anomalies;TP
1;20% Defect;ExtraTrees;0.5749144836259601;0.05755395683453237;0.45714285714285713;0.030710172744721688;0.0791897395910662;0.9692898272552783;0.9918524871355061;0.008147512864493996;521;16
2;20% Defect;ExtraTrees;0.6066359168657167;0.08064516129032258;0.5;0.043859649122807015;0.11283193760285372;0.9561403508771931;0.9921752738654148;0.00782472613458529;114;5
3;20% Defect;ExtraTrees;0.752434988179669;0.43333333333333335;0.8666666666666667;0.28888888888888886;0.45731552296829425;0.7111111111111111;0.9914893617021276;0.00851063829787234;45;13
1;20% Defect;SVM;0.5578079165610401;0.3068249258160237;0.18146718146718147;0.9923224568138196;-0.07927370978825009;0.007677543186180422;0.0;1.0;521;517
2;20% Defect;SVM;0.42215083875573123;0.25378346915017463;0.14630872483221477;0.9561403508771931;-0.13692280485107705;0.043859649122807015;0.004694835680751174;0.9953051643192488;114;109
3;20% Defect;SVM;0.30297872340425536;0.1935483870967742;0.11320754716981134;0.6666666666666665;-0.5436887751983938;0.33333333333333326;0.0;1.0;45;30
1;20% Defect;KNN;0.49057262224973086;0.0;0.0;0.0;-0.015335317993845944;1.0;0.9987135506003431;0.0012864493996569471;521;0
2;20% Defect;KNN;0.5598316997501578;0.0;0.0;0.0;-0.05598321208655758;1.0;0.9796557120500783;0.020344287949921755;114;0
3;20% Defect;KNN;0.6208037825059102;0.1568627450980392;0.6666666666666665;0.08888888888888889;0.2038580337718175;0.9111111111111111;0.9914893617021276;0.00851063829787234;45;4
1;20% Defect;IF;0.6540673365312122;0.36949152542372876;0.2618094475580464;0.6276391554702495;0.1808812503685206;0.3723608445297505;0.6046312178387651;0.395368782161235;521;327
2;20% Defect;IF;0.526398155011943;0.2513464991023339;0.1580135440180587;0.6140350877192983;0.022075650222981844;0.38596491228070173;0.4162754303599374;0.5837245696400626;114;70
3;20% Defect;IF;0.6980614657210402;0.3146067415730337;0.1891891891891892;0.9333333333333332;0.15168498548147025;0.06666666666666667;0.23404255319148937;0.7659574468085107;45;42
1;20% Defect;OCSVM;0.6196998778572675;0.33333333333333337;0.208594881699662;0.8291746641074856;0.109432410412514;0.1708253358925144;0.2971698113207547;0.7028301886792453;521;432
2;20% Defect;OCSVM;0.5863465392746341;0.2763636363636364;0.17431192660550457;0.6666666666666665;0.07498476873688673;0.33333333333333326;0.43661971830985913;0.5633802816901409;114;76
3;20% Defect;OCSVM;0.6363120567375886;0.3024054982817869;0.17886178861788618;0.9777777777777777;0.13291157759972505;0.022222222222222223;0.14042553191489363;0.8595744680851064;45;44
1;20% Defect;LOF;0.6086049719664322;0.3374949657672171;0.21355759429153923;0.8042226487523991;0.11884719515171245;0.19577735124760076;0.338336192109777;0.6616638078902229;521;419
2;20% Defect;LOF;0.6167531504818383;0.2728592162554427;0.16347826086956518;0.8245614035087719;0.060592790974887845;0.17543859649122806;0.24726134585289514;0.7527386541471048;114;94
3;20% Defect;LOF;0.7375886524822695;0.328125;0.1990521327014218;0.9333333333333332;0.18254176495432156;0.06666666666666667;0.28085106382978725;0.7191489361702128;45;42
1;50% Defect;ExtraTrees;0.6358945274133315;0.4821160679036715;0.6209070571486679;0.3940371708828085;0.1897383480041726;0.6059628291171916;0.7804992934526613;0.21950070654733866;7748;3053
2;50% Defect;ExtraTrees;0.624588218575791;0.6271661305385493;0.5874805598755832;0.6726018250612065;0.18092598907462842;0.3273981749387937;0.5057069648264617;0.4942930351735384;4493;3022
3;50% Defect;ExtraTrees;0.6916759401170781;0.6119954976684354;0.6251642575558476;0.5993700787401575;0.2820691488346077;0.40062992125984254;0.6818181818181818;0.3181818181818182;3175;1903
1;50% Defect;SVM;0.3741273939747355;0.4562209400033611;0.4030485994259131;0.5255549819308208;-0.1902081224682386;0.4744450180691791;0.28980216674517195;0.7101978332548281;7748;4072
2;50% Defect;SVM;0.3790412593568306;0.4782698675496689;0.4469154902339973;0.5143556643667928;-0.1542439344769699;0.4856443356332072;0.3337992080130444;0.6662007919869555;4493;2311
3;50% Defect;SVM;0.28495812674837845;0.3409395973154361;0.32379603399433426;0.36;-0.3053776822124808;0.64;0.3343558282208589;0.665644171779141;3175;1143
1;50% Defect;KNN;0.5279200035455033;0.4429095618389812;0.5004064379775647;0.3972638100154879;0.03644435323987348;0.6027361899845122;0.6381300047103156;0.36186999528968433;7748;3078
2;50% Defect;KNN;0.556733903280663;0.5317986280665038;0.5567185978578384;0.5090140218117071;0.08499219319530144;0.4909859781882929;0.5758211041229909;0.4241788958770091;4493;2287
3;50% Defect;KNN;0.5965142658896585;0.48380817554415145;0.5521001615508885;0.4305511811023621;0.12564981387567722;0.5694488188976378;0.6907417735638595;0.30925822643614054;3175;1367
1;50% Defect;IF;0.5097445565701121;0.37549848460679525;0.49144050104384135;0.3038203407330924;0.018578449299929686;0.6961796592669076;0.7131417804992934;0.28685821950070656;7748;2354
2;50% Defect;IF;0.4596910996833706;0.5281116711903839;0.44782989916703203;0.6434645669291339;-0.0628435751967479;0.35653543307086616;0.29754601226993865;0.7024539877300614;3175;2043
3;50% Defect;IF;0.5331165040797214;0.6136258873421222;0.5237645577588921;0.7407077676385488;0.04004088957690373;0.25929223236145116;0.2951316095970184;0.7048683904029815;4493;3328
1;50% Defect;OCSVM;0.517791077198352;0.5235793444942232;0.4818793402777778;0.5731801755291688;0.010975256810236835;0.42681982447083117;0.43770607630711256;0.5622939236928874;7748;4441
2;50% Defect;OCSVM;0.4927155912538261;0.48621929298981426;0.4635818337617824;0.5111811023622047;-0.012506977803321636;0.48881889763779524;0.47629670942554386;0.5237032905744562;3175;1623
3;50% Defect;OCSVM;0.5465753622802954;0.5688112484022155;0.5454545454545454;0.5942577342532829;0.07645328042732344;0.4057422657467171;0.4817144188213371;0.518285581178663;4493;2670
1;50% Defect;LOF;0.4868906804326876;0.5854225147613977;0.4683289453306489;0.7805885389778007;-0.03457722284116933;0.21941146102219927;0.1914743287800283;0.8085256712199719;7748;6048
2;50% Defect;LOF;0.48400841417410667;0.6185436071126164;0.4658058345289335;0.9203149606299212;-0.027293543957819202;0.07968503937007874;0.06553262688232013;0.9344673731176799;3175;2922
3;50% Defect;LOF;0.5357870142902625;0.6574361422773931;0.5116423086450335;0.9194302247941242;0.0017553468205002152;0.08056977520587581;0.0815280689494526;0.9184719310505475;4493;4131
1;Full dataset;ExtraTrees;0.6229950761760408;0.24927113702623907;0.6449353448275862;0.15449148167268972;0.12070781003844307;0.8455085183273102;0.9223975506358926;0.0776024493641074;7748;1197
2;Full dataset;ExtraTrees;0.6302692786529047;0.16219644798840158;0.5562461155997513;0.09494006576853717;0.10190253636814886;0.9050599342314628;0.9562580408013233;0.04374195919867671;9427;895
3;Full dataset;ExtraTrees;0.7174679747574777;0.3711872360394181;0.7276908923643055;0.24913385826771653;0.22634356518887583;0.7508661417322835;0.9174567763524819;0.08254322364751814;3175;791
4;Full dataset;ExtraTrees;0.6617777302882154;0.45348139255702286;0.6959926301243666;0.33630091253060324;0.21157523917816148;0.6636990874693969;0.846261355695318;0.15373864430468204;4493;1511
5;Full dataset;ExtraTrees;0.7388970050628371;0.3332792997244286;0.8538205980066444;0.20704934541792547;0.1970471986241518;0.7929506545820745;0.9397260273972603;0.06027397260273973;4965;1028
6;Full dataset;ExtraTrees;0.6784142963701998;0.2927576601671309;0.5858416945373467;0.19513553657630894;0.20255002775602723;0.8048644634236911;0.9381091211995002;0.061890878800499795;5386;1051
7;Full dataset;ExtraTrees;0.6082987920709283;0.2555685814771395;0.3283132530120481;0.2092130518234165;0.13685359868206812;0.7907869481765835;0.9043739279588336;0.09562607204116638;521;109
8;Full dataset;ExtraTrees;0.783308374438959;0.5431893687707641;0.6411764705882353;0.4711815561959654;0.3671597756503909;0.5288184438040345;0.8643439584877687;0.1356560415122313;694;327
9;Full dataset;ExtraTrees;0.7798617995389407;0.4510385756676558;0.6909090909090909;0.33480176211453744;0.30638208401042605;0.6651982378854625;0.9094540612516646;0.09054593874833555;454;152
10;Full dataset;ExtraTrees;0.7125032448508853;0.40365296803652967;0.48464912280701755;0.3458528951486698;0.2662626267883493;0.6541471048513301;0.8886255924170616;0.11137440758293839;639;221
11;Full dataset;ExtraTrees;0.7016216912855499;0.42861181792479497;0.4849648112603967;0.38399189463019245;0.25238760589352954;0.6160081053698075;0.8490813648293964;0.15091863517060367;1974;758
12;Full dataset;ExtraTrees;0.7361387294282831;0.48337332876242717;0.592436974789916;0.40822235089751013;0.298263331075168;0.5917776491024899;0.858104154476302;0.14189584552369808;1727;705
13;Full dataset;ExtraTrees;0.8217966903073286;0.5542168674698796;0.6052631578947368;0.5111111111111111;0.4796467116773491;0.4888888888888889;0.9361702127659575;0.06382978723404255;45;23
14;Full dataset;ExtraTrees;0.7091503447166597;0.34135901551631886;0.7367205542725174;0.22214484679665739;0.23922596081158892;0.7778551532033426;0.9401574803149606;0.05984251968503937;1436;319
15;Full dataset;ExtraTrees;0.7343642753205392;0.24644549763033174;0.26804123711340205;0.22807017543859648;0.1251408075467344;0.7719298245614035;0.8888888888888888;0.1111111111111111;114;26
16;Full dataset;ExtraTrees;0.7783206944042984;0.48282630029440626;0.5491071428571429;0.43082311733800355;0.36494150133575043;0.5691768826619965;0.9019417475728155;0.09805825242718447;571;246
17;Full dataset;ExtraTrees;0.7537260990357901;0.4390243902439025;0.75;0.3103448275862069;0.31402510649932847;0.6896551724137931;0.9289099526066351;0.07109004739336493;290;90
18;Full dataset;ExtraTrees;0.7627124768732655;0.4837545126353791;0.49264705882352944;0.475177304964539;0.2909478800148675;0.524822695035461;0.8125;0.1875;282;134
19;Full dataset;ExtraTrees;0.7230516709150862;0.4891611687087652;0.5753880266075388;0.42540983606557375;0.3183283656500663;0.5745901639344262;0.8634094151212554;0.13659058487874465;1220;519
20;Full dataset;ExtraTrees;0.7471009274766647;0.499437570303712;0.4718384697130712;0.5304659498207885;0.2957026044285154;0.4695340501792115;0.7756207674943567;0.22437923250564334;837;444
21;Full dataset;ExtraTrees;0.6718629442864443;0.34576672587329776;0.5983606557377049;0.24313072439633637;0.1614609556207465;0.7568692756036636;0.8801955990220048;0.1198044009779951;1201;292
22;Full dataset;ExtraTrees;0.7242350168056222;0.46715328467153283;0.5673758865248227;0.3970223325062035;0.25701950581063243;0.6029776674937966;0.8349120433017592;0.16508795669824086;403;160
23;Full dataset;ExtraTrees;0.6920119494939236;0.3547557840616966;0.43125;0.30131004366812225;0.22502832867965655;0.6986899563318777;0.8941860465116279;0.10581395348837211;687;207
24;Full dataset;ExtraTrees;0.6977429946762728;0.2885245901639344;0.7586206896551724;0.17813765182186234;0.265285304222528;0.8218623481781377;0.9724409448818898;0.027559055118110236;247;44
25;Full dataset;ExtraTrees;0.8159533376942965;0.6431159420289856;0.6294326241134752;0.6574074074074074;0.4761001526092602;0.3425925925925926;0.8242220353238016;0.17577796467619847;540;355
26;Full dataset;ExtraTrees;0.7363112169596135;0.5077903682719547;0.6614391143911439;0.41206896551724137;0.30449359011250127;0.5879310344827586;0.8571984435797666;0.14280155642023346;1740;717
27;Full dataset;ExtraTrees;0.6474702082190166;0.38615916955017304;0.582220367278798;0.2888796852350383;0.18608160142952038;0.7111203147649617;0.8625188847685757;0.13748111523142426;9658;2790
28;Full dataset;ExtraTrees;0.6692665248895648;0.35816403310759976;0.5003503854239664;0.27890625;0.19661012134449354;0.72109375;0.881146857809635;0.11885314219036508;2560;714
29;Full dataset;ExtraTrees;0.6774766656213996;0.33819951338199516;0.5322271857051691;0.24784546805349184;0.19317661224424562;0.7521545319465082;0.899354661540574;0.10064533845942608;3365;834
30;Full dataset;ExtraTrees;0.6373893515690986;0.42573273720814714;0.40577651515151514;0.4477533960292581;0.16357630807579995;0.5522466039707419;0.7202407489968792;0.2797592510031208;1914;857
31;Full dataset;ExtraTrees;0.7112976527239137;0.47330533893221355;0.6819360414866033;0.3624253559944879;0.2837452457470685;0.6375746440055122;0.8770875083500332;0.1229124916499666;2177;789
32;Full dataset;ExtraTrees;0.6521992960310716;0.5077800829875518;0.5705128205128205;0.45747663551401874;0.19100945781543305;0.5425233644859813;0.726530612244898;0.27346938775510204;2140;979
1;Full dataset;SVM;0.4169632398411478;0.638973063973064;0.47408193854609043;0.9797367062467734;-0.05052975302474759;0.020263293753226642;0.008360810174281677;0.9916391898257183;7748;7591
2;Full dataset;SVM;0.40772834933446583;0.5083425036433393;0.35319887584724746;0.9065450302323115;-0.10564921277130711;0.09345496976768855;0.04123016602340256;0.9587698339765974;9427;8546
3;Full dataset;SVM;0.30930302005612376;0.6103032820938928;0.45529211219587784;0.9253543307086615;-0.1312711651654702;0.07464566929133858;0.019799219185722253;0.9802007808142776;3175;2938
4;Full dataset;SVM;0.3712260638478501;0.6251006927662317;0.4898371417750284;0.8635655464055197;-0.13042563868161486;0.1364344535944803;0.05870020964360587;0.9412997903563941;4493;3880
5;Full dataset;SVM;0.32450902895611755;0.723999013401299;0.6116976938038344;0.8868076535750252;-0.12051510743057404;0.11319234642497483;0.04280821917808219;0.9571917808219177;4965;4403
6;Full dataset;SVM;0.3364419268923875;0.4518341379777106;0.2984442987423258;0.9296323802450799;-0.12725416881472945;0.07036761975492016;0.019575177009579343;0.9804248229904207;5386;5007
7;Full dataset;SVM;0.43612445389687987;0.26294277929155313;0.1598343685300207;0.7408829174664108;-0.13845286012803834;0.2591170825335892;0.12993138936535162;0.8700686106346484;521;386
8;Full dataset;SVM;0.24435861338209755;0.3811965811965813;0.2709599027946537;0.6426512968299711;-0.2955224669220156;0.3573487031700288;0.11045218680504076;0.8895478131949592;694;446
9;Full dataset;SVM;0.32738433923637794;0.4663865546218487;0.34188911704312114;0.7334801762114538;-0.14778113300134624;0.2665198237885463;0.14647137150466044;0.8535286284953395;454;333
10;Full dataset;SVM;0.2966520555666808;0.29059829059829057;0.18810511756569848;0.6384976525821596;-0.20301324763108033;0.3615023474178404;0.16540284360189575;0.8345971563981043;639;408
11;Full dataset;SVM;0.32887644363603485;0.3529124435217975;0.2325020112630732;0.7320162107396151;-0.20199756056641044;0.267983789260385;0.10573678290213723;0.8942632170978626;1974;1445
12;Full dataset;SVM;0.3145483412689996;0.4619406427802552;0.3144891122278057;0.8697162709901564;-0.161334792223555;0.13028372900984367;0.042129900526623756;0.9578700994733762;1727;1502
13;Full dataset;SVM;0.30855791962174944;0.18248175182481752;0.1091703056768559;0.5555555555555556;-0.29739142820655856;0.4444444444444444;0.13191489361702127;0.8680851063829788;45;25
14;Full dataset;SVM;0.27337493328654255;0.4997658079625292;0.37649964714184897;0.7430362116991645;-0.2546073552266806;0.25696378830083566;0.07244094488188976;0.9275590551181102;1436;1067
15;Full dataset;SVM;0.2642286467342064;0.19047619047619052;0.11214953271028037;0.631578947368421;-0.2633184304839139;0.3684210526315789;0.107981220657277;0.892018779342723;114;72
16;Full dataset;SVM;0.21247088228792954;0.24778132765353217;0.1553873552983081;0.6112084063047285;-0.36116784554652553;0.38879159369527144;0.07912621359223301;0.920873786407767;571;349
17;Full dataset;SVM;0.27366399738519365;0.3866995073891626;0.3007662835249042;0.5413793103448276;-0.35940493752234803;0.4586206896551724;0.13507109004739337;0.8649289099526066;290;157
18;Full dataset;SVM;0.23176842429848907;0.23182297154899895;0.16491754122938532;0.3900709219858156;-0.34529048381995103;0.6099290780141844;0.24320652173913043;0.7567934782608695;282;110
19;Full dataset;SVM;0.3245284838988798;0.36240437158469946;0.24709388971684054;0.6795081967213115;-0.27326540767418994;0.32049180327868854;0.09914407988587731;0.9008559201141226;1220;829
20;Full dataset;SVM;0.2730573287916913;0.3099561678146525;0.21001272804412388;0.5913978494623656;-0.265145978825439;0.4086021505376344;0.15936794582392777;0.8406320541760722;837;495
21;Full dataset;SVM;0.3300886180831377;0.5539267015706806;0.4039709812905689;0.880932556203164;-0.13583764701636772;0.11906744379683597;0.04584352078239609;0.9541564792176039;1201;1058
22;Full dataset;SVM;0.2823277381747852;0.29461756373937675;0.2378048780487805;0.3870967741935484;-0.2797970126354695;0.6129032258064516;0.3234100135317997;0.6765899864682002;403;156
23;Full dataset;SVM;0.33813964772124616;0.289110005527916;0.1784373933810986;0.7612809315866085;-0.23081892449013378;0.23871906841339155;0.06666666666666667;0.9333333333333332;687;523
24;Full dataset;SVM;0.3678552073703337;0.4428274428274429;0.29790209790209793;0.8623481781376519;-0.2635838399955421;0.13765182186234817;0.011811023622047244;0.9881889763779528;247;213
25;Full dataset;SVM;0.22877145438121047;0.21153846153846156;0.16176470588235292;0.3055555555555556;-0.38965302346434055;0.6944444444444444;0.2809083263246426;0.7190916736753574;540;165
26;Full dataset;SVM;0.2374851290308153;0.4129712834537996;0.31281444214264575;0.6074712643678161;-0.35294657665689255;0.39252873563218393;0.09649805447470819;0.9035019455252918;1740;1057
27;Full dataset;SVM;0.38145061729185104;0.5221241717174889;0.37471264367816093;0.8607372126734315;-0.16216582294370618;0.13926278732656866;0.04738360115368768;0.9526163988463123;9658;8313
28;Full dataset;SVM;0.3729288214702451;0.42955457847447903;0.2843583902809415;0.877734375;-0.11166190170499282;0.122265625;0.057342890481746955;0.942657109518253;2560;2247
29;Full dataset;SVM;0.3538078355852819;0.4416103257529195;0.29779297482126205;0.8540861812778603;-0.12198806119803449;0.14591381872213968;0.0694768639296993;0.9305231360703007;3365;2874
30;Full dataset;SVM;0.36322803418134486;0.335319697213722;0.24237485448195575;0.5438871473354232;-0.17685743655639205;0.4561128526645768;0.2746321890325457;0.7253678109674543;1914;1041
31;Full dataset;SVM;0.36943769640030333;0.5158706615247701;0.3809419496166484;0.7988056959118053;-0.22269587965114412;0.2011943040881948;0.056112224448897796;0.9438877755511023;2177;1739
32;Full dataset;SVM;0.33573370554678966;0.515552614162806;0.399077868852459;0.72803738317757;-0.17945694563049566;0.2719626168224299;0.12949907235621522;0.870500927643785;2140;1558
1;Full dataset;KNN;0.5522853465778231;0.349889059566479;0.5163727959697733;0.2645844088797109;0.04473236202954926;0.7354155911202891;0.7739048516250588;0.22609514837494113;7748;2050
2;Full dataset;KNN;0.5592424838030129;0.2871049763893934;0.45550945136007376;0.2096106926912061;0.08354187598445155;0.7903893073087939;0.8552962078049379;0.1447037921950622;9427;1976
3;Full dataset;KNN;0.6407116476586551;0.38581314878892736;0.6155969634230504;0.2809448818897638;0.15278044675289068;0.7190551181102363;0.8446737311767987;0.15532626882320133;3175;892
4;Full dataset;KNN;0.5864237969574432;0.4093325457767277;0.6081614743308469;0.30847985755619856;0.11457997250133287;0.6915201424438014;0.7919869555089681;0.20801304449103192;4493;1386
5;Full dataset;KNN;0.5806046779511375;0.33874208004945144;0.7277556440903055;0.2207452165156093;0.09868770505781185;0.7792547834843907;0.8595890410958904;0.1404109589041096;4965;1096
6;Full dataset;KNN;0.5898797196303743;0.28102539530426446;0.3960162052667117;0.21778685480876345;0.08458141295783433;0.7822131451912365;0.850978758850479;0.14902124114952103;5386;1173
7;Full dataset;KNN;0.5280162835028297;0.19548872180451127;0.19152854511970535;0.19961612284069097;0.01118595815024694;0.8003838771593091;0.8117495711835335;0.18825042881646656;521;104
8;Full dataset;KNN;0.6957293587095147;0.4614173228346457;0.5086805555555556;0.42219020172910665;0.22357565236468388;0.5778097982708934;0.7902149740548555;0.20978502594514456;694;293
9;Full dataset;KNN;0.6747875079922805;0.3582554517133956;0.6117021276595744;0.2533039647577093;0.20845487425211162;0.7466960352422908;0.9027962716378163;0.09720372836218376;454;115
10;Full dataset;KNN;0.6380530153008626;0.33362445414847164;0.37747035573122534;0.29890453834115804;0.16307153986064693;0.701095461658842;0.8507109004739335;0.14928909952606634;639;191
11;Full dataset;KNN;0.6132760665555104;0.3329512893982807;0.38324538258575197;0.29432624113475175;0.13035066746992896;0.7056737588652482;0.8247094113235847;0.17529058867641545;1974;581
12;Full dataset;KNN;0.6766736643736639;0.4106097140888736;0.5068027210884354;0.34510712217718587;0.19726964986367032;0.6548928778228141;0.8303101228788765;0.16968987712112343;1727;596
13;Full dataset;KNN;0.7606146572104019;0.5316455696202531;0.6176470588235294;0.4666666666666666;0.46253229004704316;0.5333333333333333;0.9446808510638298;0.05531914893617021;45;21
14;Full dataset;KNN;0.5741276073081395;0.3413729128014842;0.5111111111111111;0.2562674094707521;0.086074265570206;0.7437325905292479;0.8152230971128609;0.18477690288713908;1436;368
15;Full dataset;KNN;0.6564533399225765;0.28571428571428575;0.25517241379310346;0.32456140350877194;0.14139354853474814;0.6754385964912281;0.8309859154929577;0.16901408450704225;114;37
16;Full dataset;KNN;0.6629592947137538;0.3669724770642202;0.3853564547206166;0.3502626970227671;0.2024249764341902;0.649737302977233;0.8451456310679611;0.15485436893203883;571;200
17;Full dataset;KNN;0.648014381434875;0.3309002433090024;0.5619834710743802;0.23448275862068965;0.14244859134042737;0.7655172413793103;0.8744075829383885;0.12559241706161137;290;68
18;Full dataset;KNN;0.6506538120567376;0.44745762711864406;0.42857142857142855;0.46808510638297873;0.22305318966154478;0.5319148936170213;0.7608695652173914;0.2391304347826087;282;132
19;Full dataset;KNN;0.613216774631089;0.3908368396446938;0.4548422198041349;0.34262295081967215;0.1795108878729293;0.6573770491803279;0.82132667617689;0.17867332382310985;1220;418
20;Full dataset;KNN;0.6603264372651979;0.38261997405966275;0.4184397163120568;0.3524492234169653;0.17714059195984982;0.6475507765830346;0.8148984198645599;0.18510158013544017;837;295
21;Full dataset;KNN;0.5644125005852906;0.3571033720287452;0.53125;0.26894254787676936;0.11407138951293438;0.7310574521232306;0.8257946210268947;0.17420537897310515;1201;323
22;Full dataset;KNN;0.6097301362917497;0.3443113772455089;0.4339622641509434;0.2853598014888337;0.0932585344771817;0.7146401985111662;0.79702300405954;0.2029769959404601;403;115
23;Full dataset;KNN;0.6123399117610552;0.28087167070217917;0.31521739130434784;0.25327510917030566;0.11610648893587636;0.7467248908296944;0.8534883720930233;0.14651162790697675;687;174
24;Full dataset;KNN;0.5651957346424814;0.26136363636363635;0.4380952380952381;0.1862348178137652;0.0950395088262454;0.8137651821862348;0.8838582677165354;0.11614173228346457;247;46
25;Full dataset;KNN;0.704952808148771;0.48927875243664715;0.5164609053497943;0.4648148148148148;0.27543642181112493;0.5351851851851852;0.8023549201009251;0.19764507989907487;540;251
26;Full dataset;KNN;0.6578507536115211;0.4891994917407878;0.546875;0.4425287356321839;0.20324440421088685;0.5574712643678161;0.7517509727626459;0.2482490272373541;1740;770
27;Full dataset;KNN;0.5387722476503023;0.3445650104702075;0.4450090149155876;0.28111410229861256;0.05480790411282787;0.7188858977013876;0.7674769949182805;0.23252300508171955;9658;2715
28;Full dataset;KNN;0.5980014898316386;0.3524170193807084;0.41005702436495595;0.308984375;0.13071527655356066;0.691015625;0.8103017169528255;0.18969828304717454;2560;791
29;Full dataset;KNN;0.6306929834565584;0.33268933539412676;0.4754279403644395;0.25586924219910845;0.1552144783796111;0.7441307578008916;0.8695592475628175;0.13044075243718248;3365;861
30;Full dataset;KNN;0.5936751560992494;0.4098680996580361;0.38486238532110095;0.4383490073145245;0.13469085238515244;0.5616509926854755;0.7010699955416853;0.29893000445831475;1914;839
31;Full dataset;KNN;0.603146424528739;0.4315819050295026;0.5557163531114327;0.35277905374368396;0.1647881016750211;0.647220946256316;0.7949231796927188;0.20507682030728122;2177;768
32;Full dataset;KNN;0.5981343089487282;0.4358407079646017;0.5338753387533876;0.36822429906542054;0.12180729468881575;0.6317757009345795;0.744712430426716;0.25528756957328386;2140;788
1;Full dataset;IF;0.517260345975963;0.2764678687008784;0.4874470166286273;0.1929530201342282;0.010001948733939413;0.8070469798657718;0.814884597268017;0.18511540273198304;7748;1495
2;Full dataset;IF;0.5172010525217099;0.28031848391129827;0.36915077989601386;0.225946748700541;0.003406480906718172;0.7740532512994591;0.7770017766341971;0.22299822336580286;9427;2130
3;Full dataset;IF;0.46347475528191434;0.40392754359234806;0.43667642752562225;0.37574803149606306;-0.05433125119429213;0.624251968503937;0.5708310094813163;0.4291689905186838;3175;1193
4;Full dataset;IF;0.48082360069490293;0.37421469543840485;0.48427006009190526;0.30491876251947475;-0.037376764695476454;0.6950812374805253;0.6601444211507105;0.3398555788492895;4493;1370
5;Full dataset;IF;0.4482089696367725;0.23411266279617135;0.5298295454545454;0.15025176233635448;-0.09640516165851382;0.8497482376636455;0.7732876712328767;0.2267123287671233;4965;746
6;Full dataset;IF;0.4617921144070896;0.18705390105833128;0.2773722627737226;0.14110657259561826;-0.030236595631900894;0.8588934274043817;0.8350687213660974;0.16493127863390253;5386;760
7;Full dataset;IF;0.6066374369121263;0.3257790368271955;0.21603005635566688;0.6621880998080614;0.09752617328672208;0.3378119001919386;0.4631217838765009;0.5368782161234992;521;345
8;Full dataset;IF;0.4408111035391784;0.22450476889214968;0.22869955156950675;0.22046109510086456;-0.16353604293795088;0.7795389048991355;0.6174944403261675;0.3825055596738325;694;153
9;Full dataset;IF;0.46469171794435615;0.478896103896104;0.3791773778920309;0.6497797356828194;0.006724080792458965;0.3502202643171806;0.35685752330226367;0.6431424766977364;454;295
10;Full dataset;IF;0.43726127168487494;0.30481727574750833;0.20746184284906724;0.5743348982785602;-0.07947604765158367;0.42566510172143973;0.3355450236966825;0.6644549763033176;639;367
11;Full dataset;IF;0.46910934195535586;0.2782608695652174;0.2393287121488508;0.3323201621073962;-0.05371480281250839;0.6676798378926039;0.609111361079865;0.390888638920135;1974;656
12;Full dataset;IF;0.41555003772730825;0.2945009121709669;0.2677725118483412;0.32715691951360737;-0.11987848092537043;0.6728430804863926;0.547981275599766;0.45201872440023405;1727;565
13;Full dataset;IF;0.44737588652482274;0.25429553264604815;0.15040650406504066;0.8222222222222222;-0.07549377607664383;0.17777777777777778;0.11063829787234042;0.8893617021276596;45;37
14;Full dataset;IF;0.4047754041190534;0.38083148206918443;0.34985422740524785;0.4178272980501393;-0.16587508893124242;0.5821727019498607;0.4146981627296588;0.5853018372703412;1436;600
15;Full dataset;IF;0.3873239436619718;0.2023217247097844;0.12474437627811862;0.5350877192982456;-0.10119115455922481;0.4649122807017544;0.33020344287949915;0.6697965571205008;114;61
16;Full dataset;IF;0.4924425722204274;0.21513353115727005;0.18661518661518664;0.2539404553415061;-0.04776148261443751;0.7460595446584939;0.6932038834951456;0.3067961165048544;571;145
17;Full dataset;IF;0.6132537996404641;0.5843881856540084;0.42097264437689963;0.9551724137931035;0.09711499051784576;0.04482758620689655;0.0971563981042654;0.9028436018957346;290;277
18;Full dataset;IF;0.5643838652482269;0.4056482670089859;0.317907444668008;0.5602836879432624;0.08924830429319501;0.4397163120567376;0.5394021739130435;0.46059782608695654;282;158
19;Full dataset;IF;0.4683170704614017;0.29864253393665163;0.276536312849162;0.32459016393442625;-0.043087599010933876;0.6754098360655738;0.630527817403709;0.36947218259629094;1220;396
20;Full dataset;IF;0.5087097583274675;0.2709251101321586;0.2512768130745659;0.2939068100358423;-0.03538178471718141;0.7060931899641577;0.6690744920993228;0.3309255079006772;837;246
21;Full dataset;IF;0.5892196600632318;0.546267629858961;0.46541617819460723;0.6611157368859284;0.10460377522524426;0.3388842631140716;0.4425427872860636;0.5574572127139364;1201;794
22;Full dataset;IF;0.50893669602474;0.4042328042328042;0.35239852398523985;0.4739454094292804;-0.0009768403102406648;0.5260545905707196;0.5250338294993234;0.4749661705006766;403;191
23;Full dataset;IF;0.4701556029473161;0.27085201793721975;0.19572261827608556;0.4395924308588064;-0.03380630149997087;0.5604075691411936;0.5189922480620155;0.4810077519379845;687;302
24;Full dataset;IF;0.5129028658867034;0.4572697003329634;0.3149847094801223;0.8340080971659919;-0.06599332801097765;0.1659919028340081;0.11811023622047244;0.8818897637795275;247;206
25;Full dataset;IF;0.3567065383297511;0.32175502742230344;0.23978201634877383;0.4888888888888889;-0.20724404990852663;0.5111111111111111;0.2960470984020185;0.7039529015979815;540;264
26;Full dataset;IF;0.4745154076658169;0.22857142857142856;0.30829268292682926;0.18160919540229886;-0.10863455400985668;0.8183908045977012;0.7241245136186769;0.275875486381323;1740;316
27;Full dataset;IF;0.48653380796997175;0.13760698103708677;0.36283185840707965;0.08490370677158833;-0.02354014859335062;0.9150962932284117;0.9011124845488258;0.0988875154511743;9658;820
28;Full dataset;IF;0.4828379274149858;0.32508038585209;0.2762295081967213;0.394921875;-0.04317504681397153;0.605078125;0.5584264044007334;0.44157359559926657;2560;1011
29;Full dataset;IF;0.49886215512564724;0.4397769516728625;0.3199459093982421;0.7031203566121842;0.012725938815010713;0.29687964338781575;0.3094878484141151;0.6905121515858849;3365;2366
30;Full dataset;IF;0.5092409870531843;0.388205499276411;0.29690094078583285;0.5606060606060606;-0.005377123705073302;0.4393939393939394;0.4335711101203745;0.5664288898796255;1914;1073
31;Full dataset;IF;0.3780920438334946;0.3547451305428927;0.32314080785201965;0.3932016536518145;-0.20314082579624837;0.6067983463481855;0.40113560454241814;0.5988643954575819;2177;856
32;Full dataset;IF;0.4641395453678498;0.3942098914354644;0.40748129675810474;0.38177570093457946;-0.05952327466266749;0.6182242990654205;0.5591836734693878;0.44081632653061226;2140;817
1;Full dataset;OCSVM;0.5116428174009806;0.4356589147286822;0.47981993169823034;0.39894166236448114;0.00442595699315565;0.6010583376355189;0.6053933113518606;0.3946066886481394;7748;3091
2;Full dataset;OCSVM;0.49649540362196354;0.33827356035750644;0.36238031753726824;0.3171740744669566;-0.005297888770566135;0.6828259255330434;0.6776940513386019;0.32230594866139806;9427;2990
3;Full dataset;OCSVM;0.4750521494350295;0.4239836009566108;0.46323254945875325;0.39086614173228346;-0.010344184455984095;0.6091338582677165;0.5989960959286112;0.40100390407138875;3175;1241
4;Full dataset;OCSVM;0.5067760502671832;0.46911457693724673;0.5232876712328767;0.42510572000890273;0.020078890233009086;0.5748942799910972;0.5946890286512928;0.4053109713487072;4493;1910
5;Full dataset;OCSVM;0.4483781677219992;0.5278902384165542;0.5976572447160683;0.47270896273917423;-0.06604741122006964;0.5272910372608258;0.45890410958904115;0.541095890410959;4965;2347
6;Full dataset;OCSVM;0.4816136147010166;0.3200580457916801;0.2828441151325164;0.3685480876346082;-0.04777613857464278;0.6314519123653918;0.5807580174927114;0.4192419825072886;5386;1985
7;Full dataset;OCSVM;0.5750947346934744;0.330498177399757;0.20944558521560575;0.783109404990403;0.1018878375053272;0.21689059500959693;0.339622641509434;0.660377358490566;521;408
8;Full dataset;OCSVM;0.4932781887746928;0.4410876132930513;0.33900928792569657;0.6311239193083573;-0.0019032697597247954;0.3688760806916427;0.3669384729429207;0.6330615270570793;694;438
9;Full dataset;OCSVM;0.42219771582090254;0.45994065281899105;0.34675615212527966;0.6828193832599119;-0.10499173674276817;0.31718061674008813;0.22237017310252993;0.7776298268974701;454;310
10;Full dataset;OCSVM;0.454537228637756;0.35051546391752575;0.22457067371202113;0.7981220657276995;-0.04065046533786991;0.20187793427230047;0.16540284360189575;0.8345971563981043;639;510
11;Full dataset;OCSVM;0.4762483147053428;0.33713993523095276;0.25404572309273055;0.5010131712259371;-0.038640264275878855;0.4989868287740628;0.45556805399325084;0.5444319460067492;1974;989
12;Full dataset;OCSVM;0.45235178182333186;0.3484371213956869;0.2995833333333333;0.4163288940359004;-0.07144676692122043;0.5836711059640995;0.5081919251023991;0.4918080748976009;1727;719
13;Full dataset;OCSVM;0.46458628841607563;0.25;0.14671814671814673;0.8444444444444444;-0.13383395888124366;0.15555555555555556;0.059574468085106386;0.9404255319148936;45;38
14;Full dataset;OCSVM;0.40887124485483883;0.4557534633870512;0.38362684435982863;0.5612813370473537;-0.1214370016444296;0.4387186629526462;0.32020997375328086;0.6797900262467192;1436;806
15;Full dataset;OCSVM;0.4826345990171046;0.2555066079295154;0.15343915343915343;0.7631578947368421;0.009960092858695523;0.23684210526315788;0.2488262910798122;0.7511737089201876;114;87
16;Full dataset;OCSVM;0.4129197626375121;0.30609981515711643;0.19400187441424557;0.7250437828371278;-0.11574554314035927;0.27495621716287216;0.1650485436893204;0.8349514563106796;571;414
17;Full dataset;OCSVM;0.5632619709102795;0.5770423991726991;0.4121122599704579;0.9620689655172414;0.0430457075391834;0.03793103448275862;0.05687203791469195;0.943127962085308;290;279
18;Full dataset;OCSVM;0.5853280141843972;0.4604462474645031;0.3224431818181818;0.8049645390070921;0.15199983058662073;0.1950354609929078;0.35190217391304346;0.6480978260869565;282;227
19;Full dataset;OCSVM;0.4743878768036295;0.3691275167785235;0.29397473275024294;0.4959016393442623;-0.02049271620262485;0.5040983606557377;0.481811697574893;0.5181883024251069;1220;605
20;Full dataset;OCSVM;0.5104573735608469;0.425668449197861;0.30335365853658536;0.7132616487455197;0.08790917551978189;0.2867383512544803;0.3810383747178329;0.618961625282167;837;597
21;Full dataset;OCSVM;0.553648752364065;0.5238095238095237;0.43056300268096515;0.668609492089925;0.020265173056427385;0.33139050791007496;0.3508557457212714;0.6491442542787286;1201;803
22;Full dataset;OCSVM;0.5538669719995837;0.5633802816901408;0.3933136676499508;0.9925558312655087;0.24128822083790896;0.007444168734491315;0.16508795669824086;0.8349120433017592;403;400
23;Full dataset;OCSVM;0.5255198988975773;0.31043046357615894;0.21688837478311165;0.5458515283842795;0.017181783084121247;0.45414847161572053;0.4751937984496124;0.5248062015503876;687;375
24;Full dataset;OCSVM;0.519342344352705;0.46922183507549353;0.32899022801302924;0.8178137651821862;0.008174581349859019;0.18218623481781374;0.1889763779527559;0.8110236220472441;247;202
25;Full dataset;OCSVM;0.4120923278198299;0.47702834799608984;0.3240371845949535;0.9037037037037037;0.065707954997188;0.0962962962962963;0.1438183347350715;0.8561816652649286;540;488
26;Full dataset;OCSVM;0.48001610089896685;0.4055508354573775;0.39977666108319376;0.4114942528735632;-0.006763705771317209;0.5885057471264368;0.5817120622568094;0.4182879377431907;1740;716
27;Full dataset;OCSVM;0.48401814376920743;0.40470405287199923;0.3813186813186813;0.4311451646303583;-0.032278887710313196;0.5688548353696418;0.5360527400082407;0.4639472599917594;9658;4164
28;Full dataset;OCSVM;0.4667835915360893;0.43045028979045924;0.3011540860885839;0.754296875;0.007751511646327035;0.245703125;0.25304217369561594;0.746957826304384;2560;1931
29;Full dataset;OCSVM;0.49275376984689667;0.48677170035671824;0.32454662570607473;0.9732540861812778;0.07804515938395969;0.02674591381872214;0.06412192777701496;0.9358780722229851;3365;3275
30;Full dataset;OCSVM;0.5397675154235795;0.44046865104496513;0.31599273057701044;0.7267502612330199;0.05488700364570274;0.27324973876698017;0.32880071333036115;0.6711992866696389;1914;1391
31;Full dataset;OCSVM;0.37965089572806615;0.34713238464855545;0.32710280373831774;0.36977491961414793;-0.18123883473000033;0.6302250803858521;0.4468937875751503;0.5531062124248497;2177;805
32;Full dataset;OCSVM;0.5176453453088967;0.5502068446784505;0.46035242290748907;0.6836448598130841;0.04948080728946094;0.3163551401869159;0.36363636363636365;0.6363636363636364;2140;1463
1;Full dataset;LOF;0.47920102031709644;0.5372512471903953;0.466977985323549;0.6324212700051626;-0.027365763706577177;0.36757872999483737;0.34138012246820537;0.6586198775317946;7748;4900
2;Full dataset;LOF;0.5334023092390834;0.5336990826770492;0.369627390096421;0.9596902514055372;0.03212091771288739;0.04030974859446271;0.05476934387061202;0.945230656129388;9427;9047
3;Full dataset;LOF;0.484323813957165;0.6113157013726147;0.47338403041825095;0.8626771653543307;0.018445528756855702;0.1373228346456693;0.15030674846625766;0.8496932515337423;3175;2739
4;Full dataset;LOF;0.5165727944221954;0.6209691629955947;0.5139273734869476;0.7843311818384153;0.009601492638679023;0.21566881816158467;0.2236198462613557;0.7763801537386443;4493;3524
5;Full dataset;LOF;0.45786271020430686;0.6381948479566143;0.6146241372878194;0.6636455186304129;-0.04542934412436454;0.3363544813695871;0.2924657534246575;0.7075342465753426;4965;3295
6;Full dataset;LOF;0.4817434807535479;0.43892231232016743;0.3055575788476947;0.778871147419235;-0.017348775896523755;0.22112885258076495;0.20583090379008748;0.7941690962099125;5386;4195
7;Full dataset;LOF;0.613652001856833;0.3097500879971841;0.1896551724137931;0.8445297504798465;0.03801851812374335;0.15547024952015356;0.19382504288164665;0.8061749571183533;521;440
8;Full dataset;LOF;0.5515436773530612;0.495364238410596;0.3570973901973266;0.80835734870317;0.06703021299275472;0.19164265129683;0.251297257227576;0.748702742772424;694;561
9;Full dataset;LOF;0.7725822251682045;0.6099290780141844;0.4497907949790795;0.947136563876652;0.29529338964193647;0.05286343612334802;0.2996005326231691;0.700399467376831;454;430
10;Full dataset;LOF;0.481388277002722;0.3390847711927982;0.22298963986186482;0.7073552425665102;-0.037520160527305876;0.29264475743348983;0.25355450236966826;0.7464454976303316;639;452
11;Full dataset;LOF;0.5426288849152214;0.4213046080191502;0.27581883717285693;0.8915906788247214;0.0337034577750981;0.10840932117527863;0.1336707911511061;0.8663292088488939;1974;1760
12;Full dataset;LOF;0.44579634436443455;0.4944320712694878;0.34086422461066024;0.8998262883613202;0.030705749588520084;0.10017371163867979;0.1208308952603862;0.8791691047396138;1727;1554
13;Full dataset;LOF;0.6769739952718676;0.3098591549295775;0.18410041841004182;0.9777777777777777;0.1537387250026087;0.022222222222222223;0.1702127659574468;0.8297872340425532;45;44
14;Full dataset;LOF;0.5215184714027739;0.548770816812054;0.4422667234767788;0.7228412256267408;0.03866063243378678;0.27715877437325903;0.31286089238845144;0.6871391076115485;1436;1038
15;Full dataset;LOF;0.5599895670318205;0.24405705229793978;0.14893617021276595;0.6754385964912281;-0.010150976210953944;0.32456140350877194;0.3114241001564945;0.6885758998435054;114;77
16;Full dataset;LOF;0.5079455222484826;0.35853658536585364;0.23345685547908945;0.7723292469352014;0.06359123083082946;0.22767075306479861;0.2970873786407767;0.7029126213592233;571;441
17;Full dataset;LOF;0.6311652230756659;0.592057761732852;0.454713493530499;0.8482758620689655;0.17163127401885922;0.15172413793103448;0.3009478672985782;0.6990521327014217;290;246
18;Full dataset;LOF;0.5940487203206908;0.42573320719016083;0.2903225806451613;0.7978723404255319;0.053109455599425696;0.20212765957446804;0.25271739130434784;0.7472826086956522;282;225
19;Full dataset;LOF;0.5112231355674564;0.4422521655437921;0.3130108991825613;0.75327868852459;0.035132210039134006;0.24672131147540985;0.2806704707560628;0.7193295292439372;1220;919
20;Full dataset;LOF;0.4918447319379381;0.4061107574793126;0.2767895878524946;0.7622461170848268;0.010013577321966852;0.23775388291517324;0.24740406320541763;0.7525959367945824;837;638
21;Full dataset;LOF;0.5309440584354114;0.5912076806467914;0.4243743199129489;0.974188176519567;0.01235447350583578;0.025811823480432972;0.029951100244498777;0.9700488997555012;1201;1170
22;Full dataset;LOF;0.4988365338446093;0.4605577689243028;0.3392018779342723;0.71712158808933;-0.04909592783941743;0.28287841191067;0.2381596752368065;0.7618403247631934;403;289
23;Full dataset;LOF;0.5490648590095123;0.33825816485225507;0.23076923076923075;0.6331877729257642;0.05870692519131986;0.3668122270742359;0.43798449612403106;0.562015503875969;687;435
24;Full dataset;LOF;0.44402116739456154;0.4944723618090452;0.32887700534759357;0.9959514170040485;0.03799958075895883;0.004048582995951417;0.011811023622047244;0.9881889763779528;247;246
25;Full dataset;LOF;0.597691804504252;0.48272017837235226;0.3452950558213716;0.8018518518518518;0.11561240590572197;0.19814814814814816;0.30950378469301937;0.6904962153069806;540;433
26;Full dataset;LOF;0.46505858938235156;0.4695259593679459;0.38661710037174724;0.5977011494252874;-0.04489818830592071;0.40229885057471265;0.35797665369649806;0.6420233463035019;1740;1040
27;Full dataset;LOF;0.5064670386751698;0.5379954642385676;0.39964797586120193;0.8228411679436737;0.0038781676851640263;0.17715883205632635;0.1801950281554731;0.8198049718445268;9658;7947
28;Full dataset;LOF;0.5434319131313552;0.45002182453077266;0.3122350090854028;0.80546875;0.05272446311323619;0.19453125;0.24287381230205035;0.7571261876979497;2560;2062
29;Full dataset;LOF;0.5179249688715135;0.46181258605329234;0.3174126029837453;0.8472511144130758;0.006946062720697424;0.15274888558692423;0.1581765755869834;0.8418234244130166;3365;2851
30;Full dataset;LOF;0.523650090307661;0.4190123040620259;0.30928091565065935;0.649425287356322;0.028996277165519967;0.3505747126436782;0.3811859117253678;0.6188140882746321;1914;1243
31;Full dataset;LOF;0.48754652161465784;0.5785147801009373;0.4216057166876838;0.9214515388148828;0.00415218267695205;0.07854846118511713;0.08082832331329326;0.9191716766867067;2177;2006
32;Full dataset;LOF;0.4818107259896312;0.5168201465889869;0.4322540081735303;0.6425233644859812;-0.028903346050071766;0.3574766355140187;0.32987012987012987;0.6701298701298701;2140;1375